id,filename,words
1,1993_1.jpg,paglia and brand on mcluhan the medium negroponte whats wrong with hdtv bruce sterling has seen the future of war behind the inslaw scandal at justice digital sex
2,1993_5.6.jpg,jaron lanther moves on  saymour papert literacy is obsolete 3do hip or hype rebels with a cause your privacy
3,1993_7.8.jpg,branchez peter gabriel cuts the first interactive rock cdrom digital domain ibm goes hollywood the digital highway exclusive the peter drucker interview but can you still dance to it
4,1993_9.10.jpg,william gibson his latest report from the future disneyland with the isnt fiction death penalty george gilder the dark fiber interview michael crichton the real dinosaurs are the media special fiction bonus paulina borsook love over the wires
5,1993_11.jpg,sluit je aan first monthly issue is the future as shocking as it used to be alvin toffler how does a constitutional crisis in the united states the breakup of china a global revolt of the rich and niche wars with personal nuclear weapons sounds to you the wired interview
6,1993_12.jpg,segas plan for world domination now that its a 536 billon business with a firm grip on your tv
7,1994_1.jpg,microserfs by douglas coupland seven days in the life of young microsoft first anniversary issue alan kay mindmelds danny hillis forget hillary
8,1994_2.jpg,is advertising finally dead will legendary adman george i want my mtv lois upstart richard no excuses kirshenbaum
9,1994_3.jpg,john perry barlow everything you know about intellectual property is wrong muds sex with the furrymuckers you read it here first the infobahn is nothing but a pile of hype kunin suksuk laurie anderson reinvents herself again first look
10,1994_4.jpg,bruce sterling in moscow jackboots on the infobahn john perry barlow on clipper general magic unveiled
11,1994_5.jpg,ziff happens american gladiators mci vs att vrcades the state of the art here come the zippies hy ni dy
12,1994_6.jpg,the americanization of sony comdex the moronic inferno altsexbondage the super secret nsa answers clipper critics a wired exclusive spy vs nerd the eff is fighting for your rights in cyberspace just who are these guys
13,1994_7.jpg,david byrne talks and photos cracking wall street by kevin kelly bruce sterling on the nsa collegati infobahn warrior john malone on the telcocable wars  his amazing wired interview
14,1994_8.jpg,wired exclusive accidental zillionaire thee george clinton smell my sample guerrillas in the from garage startup to the first cdrom superstars millei robyn and rand myst
15,1994_9.jpg,cyberdeterrence the us army fights tomorrows war today universal service an idea whose time is past jon katz online or not newspapers still suck buy this magazine or we fry this magician penn jillette gets wired
16,1994_10.jpg,everything you wanted to know about mosaic meet the extropians neurobotics biology meets computing snowcrashs neal stephenson spew exclusives his new story absolutely nothing about oj simpson in this issue hack the spew
17,1994_11.jpg,conspiracy of heretics joel garreau on gbn game ratings prophets of privacy steven levy on whitfield diffie rocket science the first digital supergroup videogames get hollywood
18,1994_12.jpg,steven levy in digital cash the real killer app jon kats on natural born killjoy oliver stone hacker showdown a member of a rival phreaker gang called johnlee a nigger and in the hacker underground nothing was the same again
19,1995_1.jpg,
20,1995_2.jpg,viruses are good for you barry diller on the new media the man who stole michael jacksons face xhumeka the cable slayer bell atlantic ceo ray smith explains why cable is dead
21,1995_3.jpg,the million mhz cpu by charles platt turner entertainment ceo why we wanted nbc workplace spying is getting worse steven brill and his court tv  delivering justice on the electronic frontier
22,1995_4.jpg,negroponte balance of trade in ideas  bell labs still best jon katz on why elvis matters bli tilknytte biondi and redstone viacom doesnt suck
23,1995_5.jpg,brian eno  gossip is philosophy the wired interview with kevin kelly peter cochrane invents bts future video surveillance welcome home big brother duckman ruder than the simpson
24,1995_6.jpg,alkupligu william gibson on the making of johnn mnemonic the curse of xanadu the amazing hacker tragedy stop exon
25,1995_7.jpg,esther dysons radical rethink of intellectual property finally handson the first interactive tv tests douglas couplands microserfs return badboy evolutionist richard dawkins selfish genes and hot memes are the new mass media
26,1995_8.jpg,friends and foe the wired interview by esther dyson inventing dna supercomputers is the new times square new enough beyond the 7th guest making the 11th hour
27,1995_9.jpg,langat suoriksi guilty objectivity is obsolete jon katz on the accelerating collapse of civic life in the digital age america
28,1995_10.jpg,the nets real killer app  betting humans as pets for robots piratesoftware shopping spree the ultimate manmachine interface jacking into the digital race car with indy 500 winner jacques vileneuve formula ones newest hotshoe
29,1995_11.jpg,the pentagors black budgat secrets venture capitalists   all you need to know is sperm   il mondo digitale di nichi grauso kevin kelly interviews douglas hofstadter being double digital the media lab at 10 the wired interview with nicholas negroponte kapesolodjon be
30,1995_12.jpg,the inside story of java gore vs gingrich the making of the president 2000 netscapes marc andreessen altscientologywar bli in kopplad toy storys john lasseter makes the first movie shot entirely on location  in cyberspace the new hollywood silicon replaces superstars
31,1996_1.jpg,channeling mcluhan
32,1996_2.jpg,steve jobs the next insanely great thing the wired interview by gary wolf how i caught supercracker kevin mitnick  smart cars annou ploge the fall of the eff
33,1996_3.jpg,po bronson meets up with george gilder on the road to technoutopia esther dyson on netscapes secret weapon steven levy on cracking cryptography john heilemann on the campaign trail its the new economy
34,1996_4.jpg,bots are hot james cameron on the future of movies the death of the web sherry turkle knows what roleplaying in cyberspace really means sex
35,1996_5.jpg,muab ntsia merchants of venom bruce sterling on attack ads in the netizen beboxs jeanlouis gasse who are these yahoos anyway sex and death among the cyborgs steve steinberg on the quest for the ultimate index
36,1996_6.jpg,thane barnes fashion nerd avatars are next the culture war mr bill goes hollywood microsoft morphs into a media company by denise caruso special gatesfold issue
37,1996_7.jpg,bruce sterling art as war aum cult at the end of the world avram miller intel and hollywood alvin toffler heresies 96 kids cyber rights the left and the right are both exploiting children for their own political ends to protect itself
38,1996_8.jpg,how to make a soul andrew brown on consciousness page 71 john major email eavesdropper peter drucker the computer industry hasnt made the egos at id they made doom the most popular computer game of all time can they do it again with quake
39,1996_9.jpg,steven levy on the clipper chick make special effects in your basement barlow the powers that were zapoite se 1st annual tired wired 100
40,1996_10.jpg,clinton to met drop dead netheads vs bellheads ataris amazing alumni was tesenita he was the most powerful banker in the world so why is he talking like a cypherpunk walter wriston on the future of money the wired interview
41,1996_11.jpg,chip stocks worth buying marimba the next netscape the story of suck greetings from burning man
42,1996_12.jpg,special feature neal stephenson the hacker tourist travels the world to bring back the epic story of wiring the planet aol aok or doa fedex airline of the internet online ads death of the banner geek of geeks
43,1997_1.jpg,high phynance vs wall street hack your genes nerds fund alien research news you can abuse why the future of 2001 aint what it used to be happy birthday hal al space clarkeand kubricks next odyssey good afternoon gentleman i am hal 9000 computer i became operational at the hal plant in urbana illnois on the 12th of january 1997 my instructor was dr chandra and he taught me to sing a song if youd like to hear it i can sing it for you its called daisy daisy daisy give me your answer do im half crazy
44,1997_2.jpg,the great hdtv swindle we are already borg david gelernters radical lifestreams interface the wired interview george lucas tells us how hes going to revolutionize filmmaking the next star wars trilogy
45,1997_3.jpg,umberto eco confab clips copyright cartel po bronson on we interrupt this magazine building the vw pc for a special bulletin the cisco mantra     pushi kiss your browser goodbye  the radical future of media beyond the web by the editors of wired remember the browser war between netscape and microsoft well
46,1997_4.jpg,doom goes to war the marines are looking for a few good games jon katz birth of the digital nation the software industrys biggest nightmare the internet revolution in belgrade
47,1997_5.jpg,special report corporate rebels moores law repealed netwar worries pentagon portrait of the artist as a young geek besh nidiltt wired exclusive the epic saga of the well the worlds most influential online community
48,1997_6.jpg,starwaves jocks score the summers best special effects telco terrorism exclusive jacking into china internexus es pray
49,1997_7.jpg,cypherpunks plot world liberation fighting for the new economy at treasury moira gunn where computers go to die dave winer is java bad were facing 25 years of prosperity
50,1997_8.jpg,linux the greatest os that never was how big media stole 70 billion of bandwidth ecommerce it takes a village to make a mall eric schmidt whats on his mind this lawyer is bill gatess worst nightmare see page 103
51,1997_9.jpg,hit or myst cyans struggle to make the sequel the inside story of riven by john carroll the new rules of the new economy by kevin kelly what has the ny times been smoking chip hop the hood meets cyberspace cloning whats the big deal
52,1997_10.jpg,computer games the bleeding edge dawn of the hydrogen age map the genome hack the genome  the crypto wars generation gap special wired travel for the hacker tourist capturing eyeballs  realvideos rob glaser is leading the web to its next level war with tv
53,1997_11.jpg,special report hollywood 20 meet the new players who are reinventing entertainment inside story apples biggest strategic blunder  kevin kelly interviews miss manners the netizen is clinton trying to kill the new economy cuc the stealth company with s1 billion sales on the weh  making aol a media company
54,1997_12.jpg,the digital citizen the surprising results of the first indepth survey what we really want from santa gear we need kevin kelly talks to tom peters  sex sell by frank rose
55,1998_1.jpg,special 5th anniversary the state of the planet joey anuff john perry barlow po bronson john browning george gilder vaany millis oliver morton nicholas negroponte virginia postrel randall rothenberg julian simon steve g steinberg bruce sterling jaron lanier change is good
56,1998_2.jpg,tomorrow today jim cameron obsessed by paula parisi
57,1998_3.jpg,the future is in beta my name is katy i was born in 1999 lam a clone my story is on page 146
58,1998_4.jpg,know sooner bill gates is playing with the big dogs now
59,1998_5.jpg,the code to riches mapping the consumer genome by chip bayers plus europe to us dont even think about prying hitting the big time the new you what makes danny hillis tick high fiber diet why owest is the latest rage in telcos killer instinct ultima onlines blood sport author vs ether styron
60,1998_6.jpg,forget the dow  here comes the new economy capitalize on the future
61,1998_7.jpg,building the future mega the art of the big
62,1998_8.jpg,fast forward poof there goes the desktop computer bill joy
63,1998_9.jpg,learn different schools that suck less wind river proves small is lucrative furry loris why the hottest new toy wont shut up sexvs equity are you kidding where is woz apples cofounder is hack in his garage
64,1998_10.jpg,hollywood 30 genks storm the list drop your pants tales of a software safesman dead and alive nikola tesla the wired luterview jim clarks next ipo iridium launches the global phone anyware
65,1998_11.jpg,no browsing please inside mike homers allnew netscape power money sex tv books and movies go wild for silicon valley dirtv science the strange rebirth of cold fusion those who dare glohally wired your foldout guide to the wired every nations 25 tech wealth a salute to dreamers inventors mavericks leaders plus level 3s james crowe cisco killers trades international moves windows int
66,1998_12.jpg,whats next for microsoft co ahead kill your television nbc is ready the inside story of an internet murder technolust the iltimate holiday gift guide plus caching dodi  di robert x cringely live nude trades 83 reasons why bill gates reign is over
67,1999_1.jpg,special anniversary issue quick the future is all about william gihson reveals his secret ebay obsession the truth vorators daytrading the nets extreme sport phone sects what happened when the amish went wireless salons web dream the wired diaries jerry yang
68,1999_2.jpg,up next the 365day weather forec what aol really got for 42 billion fast forward mutants dude a sneak preview of matt groenings futurama matt groening
69,1999_3.jpg,mp3 spree chuck d rips the music biz the other microsoft case assault and batteries electric dragsters suck amos the pleasure binge winning in the entertainment economy plus the pentium iii lowdown actually funny jokes from the web jeff bezos why him and not you the inside story of amazon coms boy billionaire
70,1999_4.jpg,ciscos next quantum leap a john d rockefeller on the microsoft trial  the wired guide to handheld lights out learning to love y2k steven levy reveals cryptos secret history  atts fat pipe dream  your own harley xl1200s
71,1999_5.jpg,busted your emails gonna get you open source where tie money is believe the hype the star wars speed orgy begins george lucas
72,1999_6.jpg,the ultimate home theater barnes  noble chapter two skyligh lecte bevond satellites yikes extreme bandy is here the wired index up 81 40 companies ming the new economy inside your guide to exploding wealth
73,1999_7.jpg,the daytraders secret weapon bill gates sr spreads the wealth meet the newest net startup gm a year in the life of the digital gold rush by po bronson generation equity plus fast hot summer gear
74,1999_8.jpg,hold the lasagna torments of the hyperflier tube dreams manufacturing the perfect wave i want my mp3 realnetworks power play the great record industry burnout inside encodingcom plus your guide to the hardware and software music mania
75,1999_9.jpg,put the net in your pocket how nokia will wireless the world inside the idealab concept factory nokia ceo jorma olita get ready for the roaring zeros the dow hits 50000 bill gates trillionaire trajectory prophets of boom george gilder walter wristol
76,1999_10.jpg,life after hollywood from megahits to megabits digital moviemakers fast cheap and way out of control william gibson has seen the filmless future building the desktop studio aol unsexy unstoppable cache  carry the nextgeneration backpack
77,1999_11.jpg,nose candy look whos teaching your computer to smell schwabcor competiti streak the computer smell hall of future fame god isnt dead hes al energy field sonys plan to kill the pc plus testdrive the playsiation 2
78,1999_12.jpg,go we here
79,2000_1.jpg,the future gets fun again  the exploding science of superlongevity your life span revealed page 184 love  rockets join the 239
80,2000_2.jpg,club ted muscling in on high techs power fest old media new tricks the ny times   digital ipo start making sense meet the irresistible search engine page 172 1
81,2000_3.jpg,whos afraid of microsoft john heilemanns special report the botcom future how youll buy and sell in the agentdriven superfluid universal marketplace by chip bayers brave new dog inside the first canine cloning lab retroactivism the cult of computer diehards wheels on fire bike gear you wont believe plus murdochs interactive leap
82,2000_4.jpg,why the future doesnt need us by bill joy
83,2000_5.jpg,voice of the valley meet the new netscapee startup whos conna vote the wired digital citizen survey 2000 bye bye batteries powertripping with flywheels superballs the hottest golf gear 75 of the world doesnt speak our language no problem the global translation boom racing to crack the universal code building a better speech engine plus the rd atlas your guide to the software and hardware
84,2000_6.jpg,keep cool the new economy is hotter than ever the wired index 40 companies driving the future plus we sportshaee inside nikes digital skunk works petainer dial how radio pirates seized the dial i d thineden the patent wars get ugly pleasante your goto guide to paris
85,2000_7.jpg,the ultimate offshore startup meet the highseas adventurers on a multibitiondollar quest to build a fatpipe data haven that answers to nobody page 230 its been far move uter silicon moleoular computing is coma change everything venture capitals mapping the 46 hot spots of the global boom boot api your guide to the new fish trek gear plus jeff bezos on oprah 1click and amazoncom next moves  the inside story on transmetas ultrachip
86,2000_8.jpg,tale sain ciasing the greafest net miti ever think or sink xerox parcs big brain on the future of rd what a cas the new business of superblimps plus data mining chromosome 22 carry trudeaus portal play and more meet marc andreessen hes 20 and earing tie red int valley startup loudcloud this kid could really go places
87,2000_9.jpg,youve got mayhem the aoltime warner culture clash pyramid scheming inside the mers most dangerous some chain saw lust the wired guide to power tools robo sapien revolution life as well know it at home with the androids by peter manzel congratulations its a bot by erik davis m2  mit engineer daniel paluska
88,2000_10.jpg,
89,2000_11.jpg,the truth the whole truth and mi ting but the truth the untold story of the microsoft antitrust case by john heilemann
90,2000_12.jpg,bill clinton free agent the wired interview wired tools the ultimate technolust gift guide parians page 220 supercomputers bigger better and ready to blow your mind kicking asp jamcracker makes its move drop that dot shocking true tales of domain namecalling the art of the high speed deal tracking vivendis wild wireless ride
91,2001_1.jpg,design touch me all over flash forward the reinventation of polaroid zip drive building the fast track to mars border war why mexicos richess man is gunning down us telcos
92,2001_2.jpg,someone will clone a human in the next 12 months you again a realtime story of breakthrough science
93,2001_3.jpg,the hottest
94,2001_4.jpg,giga trends
95,2001_5.jpg,
96,2001_6.jpg,superswitch caspians secret plan to reinvent the router how well get broadband for a price  and the net will get its first real business model score gamings guts and glory sneak previewing microsofts xbox inside sonys gscube from now on
97,2001_7.jpg,the riaa doesnt want you to see whats on page 61 positive energy dear mr president  there is a future for smart power
98,2001_8.jpg,what its like to freefall 130000 feet page 128 your body get over it think mind over matter the next brainiacs by john hockenberry infinite smaskage check out gamings new smash hits
99,2001_9.jpg,docomos designs for wireless world domination william gibsons own private tokyo japan rocks the liberation of disinteyration plus the mindblowing promise of quantum computing santiago calatrava builds a bridge to the 22nd century
100,2001_10.jpg,inside the first virtual world tolkiens megafans take on hollywood plus googles secret formula the new alchemy of artificial atoms how tomorrows content will own you why linux will lose the desktop war page 134 fully immersive
101,2001_11.jpg,how to save the soul of the internet chint ask bill  judy game on microsofts secret weapon the xbox is here manufacturing is history see page 142 the perfect commute the iron fist vs the invisible hand white hot  cool 23 ways to gear up and xbox get downhill  fast plus fighting biowar at the olympics
102,2001_12.jpg,is there an epidemic of autism in silicon valley see page 1 wired special report the future of war is here how to beat a terror network by john arquilla and david ronfeldt by oliver morton welcome to surveillance nation by adam l penenberg wired tool the ultimate technolust gift guide blastnos inside russia rentarocket boo
103,2002_1.jpg,egold  islam inside the online plot to overthrow the dollar wired innovations big bang by george gilder the greatest management team of all time special history issue bioethics in the dark ages the scalpel vs the cross 10000 years of wired gear rewine excitehomes 7 billion burnout the future of oil fbi 20 gmen join the 21st century
104,2002_2.jpg,the naked truth about internet porn see page 10 special globalization report disney invader inside the ultimate culture machine meltdown big steel in the borderless economy opt out the 4 corners of the unwired world plus after enron the fertility cops  reengineeringthe everglades
105,2002_3.jpg,hacking the racetrack  inside nuke university the new face of ai artificial intelligence busts out of the lab why smartphones are everywhere gaming evolutionary leap
106,2002_4.jpg,inside the mind of oliver sacks by steve silberman the new extreme sport that will blow you away wired the race to dominate space is over we won us space comiand 3 captain now what astrocop bruce sterling on the future of missile defense  and 3 doordie crisis scenarios to protect 2berue plus detroit redesigns the driver how low tech can save the world
107,2002_5.jpg,betting on the future predictions for 2020 and beyond big minds face off  myhrvold vs hillis  kurzweil vs kapor  cerf  dysor plus the rebirth of eugenics  robots go to waf wired may 2002 listen u p the music issue the rise of laptop techno  the secret history of electronica bjrk
108,2002_6.jpg,steven levy on the man who cracked the code to everything plus behind the nano hype  the thin tan sexyi pill page 100 the dark side of steven spielberg galaxies the new star wars empire animators race to build the perfect face the top 2 0 scifi movies of all time
110,2002_7.jpg,why rockstar games rule  george gilder still telegasmi the cold rush to the south pole  richard nixons last secre red july 2002 buy loy nvidia ceo jenhsun huang the next intel how graphics powerhouse nvidia is transforming the chip game dell
111,2002_8.jpg,the most wired place on earth  hollywoods new it girl artificial blood  gms billiondollar bet on hydrogen wi ed august 2002 go the distance building the ultimate runner inside nikes extreme tech quest to win back the marathon
112,2002_9.jpg,children of the revolution wired youth us hacking las vegas  the net after worldcom  mapping mars wired september 2002 u 2 moro i can sec patient alpha vision restored the race to build the artificial eye
113,2002_10.jpg,the cop who got caught steve silberman on the fbis crusade against child porn broadband or bust sky dayton is selling wireless internet for the masses are you buying wifi special report
114,2002_11.jpg,stopping loose nukes
115,2002_12.jpg,special report science  religion gregg easterbrook  po bronson  kevin kelly  margaret wertheim  robert wright  oliver sacks
116,2003_1.jpg,china the new cloning superpower plus google vs evil  testing the first aids vaccine unreal
117,2003_2.jpg,rip mix burn the fall of the music industry civil war inside sony chasing kazaa the race to kill the next napster hilary rosen the most hated name in music plus the pentagons private army exclusive spike jonze flipbook page 65
118,2003_3.jpg,how the segway scooter stalled  inside the matrix game wired march 60 co cheating death in a 500 mph rocket boat burning rubber in a chipmod hot rod the fastest humans and machines anywhere plu surviving nasas insane 7g experiment russ
119,2003_4.jpg,scuttle the shuttles go to mars  barry diller conquers the world wired april 2000 just add water special section life in 2013 how hydrogen power can save america a 5point plan to end the oil era plus the rise of underground cities  the 62000milehigh nanotube elevator the green wall of china th rebels with a cal wireds anniversary what we got rightand wrong bonus poster 10 years of covers
120,2003_5.jpg,special 60 page guide to the wifi revolution wired reenter the matrix inside the sequel thats reinventing cinema plusi the fall of the mit media lab psst there really is a secret network that runs hollywood we hacked in go to hell with the master of doom iii
121,2003_6.jpg,on the front lines with the armys tactical internet brigade wired une 2003 you are here koolworld guest editor rem koolhaas presents the ultimate atlas for the 21st century starring po bronson martha stewart steven johnson bruno latour miuccia prada  many more featuring the new border wars europe vs new york why silicon valley is history plus sex golf robots  mars
122,2003_7.jpg,debunking doomsday by gregg easterbrook the countdown begins the next space race will be won by rich geeks with the right stuff the wired 4 new for 208  google netfux amazon ibr how sun lost the linux v  microsoft sucks up to hollyw  tracking the virus that crashed the
123,2003_8.jpg,the end of cancer as we know it page 108 w august 2003 chained the super power issue theimpossible xray vision dets real invisibility time traveli forget science fiction heres the science of gumpguy magazines
124,2003_9.jpg,david byrne  edward tufte on the evil genius of powerpoint neal stephenson reveals why cyberpunk is history airport insecurity confessions of a baggage screener red 5 a cara flawless made in a lae new surprise synthetic diamonds are about to transform computing
125,2003_10.jpg,they came from the digital underground now they rule the music industry superproducers timbaland  the neptunes butch vig  dan the automator  and more plus till death do us part why the conjoined twin surgery went wrong exclusive salvador dalis lost disney cartoon tv after the tivo wars timbaland hitmaker
126,2003_11.jpg,matrix revelations the truth about the wachowskis wired november 2003 open wide linus torvalds  leader of the free world his open source software is making bill gates sweat whats next open source science
127,2003_12.jpg,exclusive amazons secret plan to turn books into bits wired the ultimate geek gift guide 77 cool toys  tools i was a hacker for the mob bill joy on why linux sucks
128,2004_1.jpg,101 ways to save the internet wired exclusive the making of a human clone 7 days inside a maverick embryo lab january 04 5 secrets of the howard dean machine special pullout section the ultrawired home how software killed the hollywood stuntman
129,2004_2.jpg,kiss your cubicle goodbye the new face of the silicon age tech jobs are fleeing to india faster than ever you got a problem with that
130,2004_3.jpg,meet nasas mars explorers  inside the great robot race googlemania complete guide page 110
131,2004_4.jpg,the rave awards peter jackson  on middleearth special effects and remaking king kong 20 mavericks and dreamers reinventing film business politics medicine  more steve jobs jeff bezos public library of science antenna design david byrne
132,2004_5.jpg,super organics inside the new science of smart breeding infinite sushi how robot fish farms will roam the oceans and feed the world the future  food nextfest the cars
133,2004_6.jpg,the wonderful dorld of pixar from toy story to the incredibles how the animation superpower left disney in the dust the wired 40 companies driving the global economy google
134,2004_7.jpg,the linux killer  building an earthquake lab 21 miles underground wired july 2004 new  improved human being 20 the race to make androids that walk
135,2004_8.jpg,the top 100 geeks spielberg jobs gates prince wired mars gone wild why we love spying on our neighbor check out these unbellevable pictures this commercial sue how the 1834 male is reinventing advertising a machine with a mind of its own meet the robosclentist running the rd lab of the future craig venter cracked the genome now hes chasing charles darwin fantastic voyage the epic quest to collect the dna of everything on the planet  and redefine life as we know it
136,2004_9.jpg,rage against the machine why arnold and not those two other guysi the future of american politics plus moveon  the new weapons of mass mobilization how a medieval code cracker reinvented the scientific method nuclear power
137,2004_10.jpg,the bogus science of cool  the making of halo 2 wired the plot october 2 0 04 go ape to kill luin inside the crusade to bring creationism 20 to americas classrooms plus the monsters behind the sci fi channel the rise  fall of mr nanotech the wildfire hackers  the new science of firefighting why micro audiences are the future of entertainment
138,2004_11.jpg,are colombian drug lords genetically modifying cocaine wpred the beastie boys cd inside 16 a ca new copypsght license fight foryour rightt copy the free music revolution gets real david byrne chuck d the rapture  legal rebellawrence lessig natonen source plus da vincis code the quest to build his renaissance robot the death of brands watch out
139,2004_12.jpg,guest editor james cameron presents the new age of exploration robot subs nuclear rockets undersea bases acid caves aliens of the deep the 28 next destinations in space and the sea  buzz aldrin  nasas sean okeefex prize winner burt rutan he titanic director turns explorer surviving a mission to mars the formula for finding extraterrestrial intelligence plus how hackers will hijack your cell phone wired tools the coolest geek shopping list ever
140,2005_1.jpg,are you ready to rocket rebel billionaire richard branson  the space airline of tomorrow darknets inside hollywogos prate undergrouno reinventing lihe at mie the forth oe synthetic biology power houses your guide to the ultrawired home
141,2005_2.jpg,how clean green atomic energy will stop global warming wired the firefox revolt at 14 he started at 19 he unveiled frofox a dazingfast times the first day now its the hottest ween the internet fur gates comedy centrals rd lab hacking netscape browser that was downloaded 1 million  why right brainers will rule the future the revolutionary battlefield medicine
142,2005_3.jpg,the 2005 wired rave awards burt rutan  the incredibles  danger mouse  mars rovers  halo 2  more march 2005 stay tuned the end of radio as we know it the comingdigital boom howard stern the satellite wars your guide to podcasting
143,2005_4.jpg,go hybrid how toyota is driving the new auto age the wired guide to all the new rides prius escape lexus  more mark cuban vs hollywood  inside the black market in soviet space gear robert rodriguez  the making of sin city  useless japanese inventions  robot showdown the schoolkids who beat mit
144,2005_5.jpg,george lucas unmasked the star wars guru faces life after darth  inside the new lucas film  game factory  the wired guide to how star wars changed the world the wired 40 google apple ebay jetblue dell  more get smart why iq is skyrocketing
145,2005_6.jpg,was einstein wrong  ending the stem cell standoff  the new xbox spielbergs war i worlds inside the highspeed hightech reinvention of the scifi classi attack of the dra  how bots control todays battlefield introducing  dispatches from the wired frontier page 96 venteest the cars badgets medicine  tv of tomorrow
146,2005_7.jpg,hot stuff 75 of the summers best gadgets tested  rated remix now the rise of cut  paste culture neil gaiman meets the gorillaz quentin tarantino the ultimate scenestealer the history of mashups by william gibson crashups hackers reinvent the hybrid car spock the sith slayer the wild world of fan fiction how to remix women ce of sorgash page 106 the pentagons killer chopperplane how ibm sold out to china  the inside story
147,2005_8.jpg,bloggers vs pentagon  ea vs hollywood 10 years that changed the world  the inside stories from jeff bezos steve jobs puppet   birth of googl re of hel the occasion  survive an astercio i drank pee for nasa engineering the uz megatour
148,2005_9.jpg,tom hanks takes imax to the moon  hacking online poker w the allyoucaneat tv of tomorrow with your host jon stewart why yahoo will be the center of the millionchannel universe o espn thinks outside the box  the wired guide to tv 20 d september 2005 watch it
149,2005_10.jpg,the dvd pirate king from prep school to chinese prison october 1 forkey busines kong is coming behind the scenes of peter jacksons monster blockbuster plus gorilla filmmaking  a king kong photo portfolio hats next for he father of atari raised by robots he preschool of the future he 550
150,2005_11.jpg,earthquakes tsunamis meltdowns americas next 10 disasters wired you call this the phone of the future inside the quest to build the ultimate music phone  and why apple fell short plus the wired guide to the first generation of mp3 mobiles in irag with the robot bomb squad the netflix of porn how google stole the worlds biggest brains the best of gadget lab the coolest new gizmos
151,2005_12.jpg,googlephobia whos afraid of sergey who isnt wired why  high oil prices are good for america spyware the battle to stop popups star trek
152,2006_1.jpg,the battle to stop bird flu  google vs click fraud wired january 2006 get smart raise the roof your diy guide to the wired home 50 best bots ever einstein bot
153,2006_2.jpg,is the new tech boom for real page 113 wired the lego army wants you how obsessed fans are helping lego reinvent the worlds coolest toy life on other worlds weve got pictures the prius killers inside gms chop shop one of our spy satellites is missing
154,2006_3.jpg,beyond real how digital animation conquered hollywood  starring mr incredible the new xmen king kong  more plus a nation of guinea pigs how big pharma is using india to test tomorrows cures keanu reeves   a scanner arkly   2 high voltage the 8wheel
155,2006_4.jpg,turf war over transgenic grass  bring back the brontosaurus wired april 2006 original sim guest editor will wrights new world of games the genius behind the sims presents sim sex  halo tv  reinventing disneyland fighting cancer  a sneak peek at spore play the wired game page 132 lost luggage philip k dicks head is missing chinas bold plan to invade americas classrooms
156,2006_5.jpg,the ultimate guide to the online video universe wired may 2006 use sunscreen climate crisis the progrowth protech fight to stop global warming al gore  the rise of neogreens 8 people  trends to watch 12 diy ways to go green robbed blind smartcards  the new rfid hackers speed demon can you survive the fastest boat on earth
157,2006_6.jpg,crowosourcing a billion amateurs want your job w red tabbelre cool gizmos essential gear science fair nightmare build a rocket go to jail dops the 10 biggest engineering blunders 2006 rave awards director bryan singer reinvents superman steve jobs george clooney world of warcraft mark cuban ajax the intelligent designuoge the best blog book brnd 8 poochst
158,2006_7.jpg,wi e d july 2000 fair and balanced ht summer gear tested rated page 69 rupert teen dol news corp  the future of myspace the abcs creativity amazon what kind yahoo of genius apple are you loser geek the wired 40 fashion dos and donts code chine cavemarare neanderthals and humans related
159,2006_8.jpg,wired pabe pullout how to ack your rod  get things done  take great photos guard your data spot online scams boost your brain prepare for the worst frag like a pro suck up to the boss be an expert at everything by stephen colbert senapanadaoney the murder of an internet kingpin gene nod serones how car thieves outsmart you he reyclution makina
160,2006_9.jpg,can the playstation 3 save sony w september 2006 crank it e splogs spamblogs trouble d nextfest the coolest tech of tomorrow the rebirth of music radio sucks the labels are lame now bands are taking over and fans are getting what they want beck on the future of the album
161,2006_10.jpg,the thin pill how big pharma turned fat into a diseaseand then invented a drug to cure it  rebuilding microsoft bill gates is stepping down can ray ozzie revive the flagging giant crash  burn the spectacular flameout of a gadget upstart second life our guide to the webs coolest destination
162,2006_11.jpg,the ipod story do i know you coolgear steve jobs and the why some people best of wireds birth of an icon cant see faces gadget lab pull the plug the race to build a better battery wired november 2006 believeit orno the new atheism no heaven no hell just science inside the crusade against religion
163,2006_12.jpg,true crime sex drugs and triple murder on myspace wired youtube lonelygirl15 web video  the end of tv advertising 7 grows up plus what google really gets for 17 billion m 3 wired tools our holiday guide to 107 gadgets  gizmos soaring cities from london to vegas a sneak peek at the skylines of 2012 ticket master diary of an online scalper
164,2007_1.jpg,10 top tech towns bionics genetics drugs beyond the body the science of human enhancement visit the fobowing wired advertisers at international ces lvcc
165,2007_2.jpg,wired think big feb2007 what we dont know about how yahoo screwed up the pentagon vs battlefield bacteria playlist 10 things we love now the universe life  death sleep weather the brain time language gravity earths core black holes belly button lint  other mysteries with guest smartypants john hodgman the daily shows resident expert
166,2007_3.jpg,bitesize entertainment explore the new world of oneminute media wired try shack tasty bits o fun crowdhacking how to scam digg head case doctors rewired my brain war machines building the 21stcentury soldier contents magazine trend story mini movies song snips microgames  more best consumed 247 chew on this sed
167,2007_4.jpg,google apple ge nintendo the 2007 wired 40 wired why expostig yoursell is the future of business get naked and robert rodriguez quentin tarantino albert einsteins creative genius worst practices from the office
168,2007_5.jpg,escape from iran inside a cla covert op wiled rave awards heroes the wired world arnold schwarzenegger girl talk gears of war gothamist paul allen henry louis gates jr plus behind the scenes with tv superhiro masi oka
169,2007_6.jpg,wired aim high jun2007 the linkin park stalker by david kushner rocket boom elon musk jeff bezos richard branson and the dawn of the private space age beel the sad decline of nasa
170,2007_7.jpg,wire2 350 google maps and the rise of the hyperlocal web wired pr metie 34l2007 the secret of red bull 39 summer gadgets did the linux genius kill his wife 25 years of buttkicking bots
171,2007_8.jpg,wired how to land a fat raise rule the blogosphere take killer digipics butsmart a mechanic snaga cell phone deal weasel free drinks keep batteries charged email like a pro get fired properly  bakea wii cake  lont at sea tha epic search for a tech hero smog and minkors chinas plan for a green olympics thkhola sars the new science al diagnosis
172,2007_9.jpg,wired blackout hackers take down the most wired country in europe vn i d installatin os thegame halo3 how microsoft labs by clive thompson invented a new science of play  300    plus worlds cheapest broadband superdrugs from toxic sludge the lies we live online  vi console yourself 5ep2007
173,2007_10.jpg,googles plan to conquer the moon wired switch forget oil this plant is the future of energy inside the new science of ethanol by evan ratliff  silicon valley goes crazy for cleantech how music can change your brain quit whining and get things done dlrdes of glopu oeteoon
174,2007_11.jpg,cannonball run   3 2 hours ed plus cloned meat space hotels  the worlds best conspiracy theories manga how japanese conquers comics are reshaping pop culturea 10page visual america history rising fun  nav enon
175,2007_12.jpg,what went wrong in iraq hint blame the geeks wired your life decoded a new 1000 dna test can tell you how youll liveand die welcome to the age of the genome by thomas goetz wish list gadgets and gear for the holidays how to memorize a 20digit number knou thiselfcec20
176,2008_1.jpg,radiohead and the new world of music by david byrne 100 mpg the race to build the ultimate fuelefficient car americas worst airports how to survive on two hours of sleep the next mars rover
177,2008_2.jpg,the secret history of the iphone wire 2 0 the secret history of the iphone wi wtfpi fed 200 why things suck the 33 things that make us crazy with help desk diva sarah siluerman 02 tech support  traffic  junk mail  booze  printers spam filters   air travel  knees whiteboards   batteries  copiers credit cards   tomatoes  web video and more     the lost files of the east german spy state page 126 490 usfor 075110084592
178,2008_3.jpg,the truth about autism everything you know is wrong  bombs away how dick nixon raked a nuclear atzack to win the cold war making yes sottware simple again free 84 chris anderson is the future of business
179,2008_4.jpg,wired original sinapracoe how apple wins by breaking all the rules eco hype zaps noshow green cars whats next top 9 biz trends eureka epic moments in tech evil genius
180,2008_5.jpg,get smarter wma 12 ways to supercharge your brain the caffeine boost the exercise link the ginkgo sham the memory fix the stress eraser how to bea genius like me by steue carell peak water the next global crisis hits home robot thief mho stole the pentagons battle bots planet amazon jeff bezos and the future of computing
181,2008_6.jpg,15th anniversary our greatest hits  misses wired attention environmentalists keep your suv forget organics go nuclear screw the spotted owl if youre serious about global warming only one thing matters cutting carbon that means facing some inconvenient truths plus bingutes stdotage it farrorl galactica
182,2008_7.jpg,the worlds cheapest car  23 hot summer gadgets get ready for the google phone wiaed tmijul2008 do we need theory how do we find dark matter is earth safe from asteroids where will strike next how can you win any lawsuit ss me im a nemocrat who will be the next president how to  protect business how will we grow enough food the end of science the quest for knowledge used to begin with grand theories now it begins with massive amounts of data welcome to the petabyte age
183,2008_8.jpg,the personal dna project volunteers wanted the how to issue bea selfpromoter pretend to work snag vc dough ace your exams meet your heroes crasha party own vegas spruce upa blog look good on tv rock at videogames grovel likeapro coffee science the perfect brew hackers rule wargames at 25 ed ehoe that girl algeood get internet famous even if youre nobody just ask julia allison by jason tanz
184,2008_9.jpg,the king of scifi  extreme xrays  perez hilton wiled the future of the electric car one mans audacious plan to change the way the world drives budaniel roth star wars continuity cop bbst job ever pixel perfect hollywoods digital camera
185,2008_10.jpg,the inside story of the google browser wired 2005smart list the best minds on climate change the military space exploration democracy global health terrorism china  india 15 people the next president should listento  the most amazing library in the world worlds top supercars tested  rated the battleto barcode every living thing execuitive orders oct2b
186,2008_11.jpg,gerach secretse howto burstoffi diy rockets google better wire people pohere the facebook underground d the future of food how science will solve the next global crisis  groget lust 141 new products tested  rated countrodle conquer space
187,2008_12.jpg,tred saving microsuft can ray ozzie fix the house that bill built eat the hole in the internet recession and the birth of big ideas the search for arctic diamonds the best gear and gadgets of the year
188,2009_1.jpg,a fresh plan obama truener tech and science steve jobs of the mac saved how coastal cities can survive climate change d beat the odds janend the truth about cancer dont try to cure it just find it inside the science of early detection by thomas goetz last days of a hacker taking down a credit card con man
189,2009_2.jpg,obamas wired white house what to expect wi 5d inside the gps aroun tha plotto kill google how your phone became the alwayson locationaware tool of the future the naked truth
190,2009_3.jpg,problem solved how good design works welcome to the why your plane is netbook age always late page 104 wir the secret formula that destroyed wall street how one simple equation made billions for bankersand nuked your 401k plus a radically transparent plan to remake the market by daniel roth also in this issue the making of the watchmen movie battlefield surgical robots  why the music industry hates guitar hero how to build a basement chemistry lab  iphone cases tested rated clive thompson on micromanufacturing   the change mar2009
191,2009_4.jpg,obamas fix the grid 7 ways to transform america
192,2009_5.jpg,from bhe cocreabor of lost and director of the new star trek the mystery issue cia secrets hidden in plain sight mystery diovw featuring the strangest places on earth  94 mad scientists  bizarre theories 38 how magic hacks your brain p90 american stonehenge  the js abrans test your skill puzzles games card tricks clues easter eggs codes spoilers magic illusions mazes  more
193,2009_6.jpg,twitter app mania worlds top lockpicker cell phone riot wired the new economy more startups fewer giants infinite opportunity by chris anderson detroit reimagined scrap the big threeand start small googlenomics explained the secret formula that made advertising smart socialism why the internet redefined is the real workers paradise sweet spot  jun2noa
194,2009_7.jpg,facebook vs google obamas new cio somali piracy explained wi ed living 1899 numbers track your data analyze your results optimize your life 621 88
195,2009_8.jpg,wired170 x unintelligent design natures screwups takedown is google a monopoly new rules digital gentlemen highly evolved humans how to avoid email errors facebook faux pas twitter tribulations blogging blunders with advice from inglourious basterd brad pitt your future in 5 easy steps behaue yoursele 7u52cos
196,2009_9.jpg,the pill that cures almost uired wired tragedy killers hookers nelspapers craig newmark getsa lot craigslist ofblame hut his by gary holf kefusing to esole back up your bran
197,2009_10.jpg,raur cheer up top gear invented the nfinite video warning dangerous ideas ahead clonehumans purge theprisons abolish the nal cut africa loose forget privacy and more
198,2009_11.jpg,hor byers took over thitter 43 best products tested  rated fear the most demented comedy show ever wtf tv
199,2009_12.jpg,inside the 30 world df avatar the 100 best your 200k space geek gifts vacation w ire d gone  i told no one my plans not my girlfriend or my parents or my friends no one knew where i was going or my new name i left no hints if anyone found me it would be because of my own mistakes shedding your identity in the digital age by eurn ratliff  page 144
200,2010_1.jpg,how time really works page 62 the joystickfree future of games the perils of high tech warfare japans coolest gadgets page 39 fail screw ups disasters misfires flops why losing big can be a winning strategy with comeback lessons from alec baldwin bill clinton larry ellison mike tyson and more  the fuel that could change the world page 114 sweet science jan2010
201,2010_2.jpg,find your neural gspot page 51 the datadriven future of american medicine bullet trains are here page 74 r murder at an internet addiction camp cracking a spys secrets page 82 the new industrial revolution chris anderson the factory the investors the workersobsolete in the age of diy manufacturing all you need is a garage and a great idea 02 75110 084592 make it big feb2010
202,2010_3.jpg,wire money wants to be free the reign of the bank and credit card cartel is ending a new wave of financial upstarts is liberating your cashand the economy inside google an exclusive look at the weds ultimate algorithm
203,2010_4.jpg,aired wired 1804 features rise ipad of the is only the beginning p 74 machines page 02 the youtube revolution turns five howtablets wii change ie mote by steuen leuy halfway through steve jobs ipad presentation his real point started to emerge almost everything about todays computers is outmoded the mouse keyboards clamshells thichscorching batteriesitsall page 98 on the trail of the worlds most brilliant thief page 66 sony bets its future on 3d tv page 42 what kind of cyborg do you want to be clean slace s0r 2010
204,2010_5.jpg,earthquakei on the front lines ofa disaster zone w getting lost chill awesome antarctic ice stations decrypting the most amazing  show on tv red from bill gates  mark zuckerberg geek power how hacker culture conquered the world by steven leuy breathalyzers tested rated
205,2010_6.jpg,gridlock science the end of trafficjams space junk the looming crisis geek gardening a hired guide to domestic terraforming how pixar inside the blockbuster factory works by jonah lehrer 229 pairtit i facial mivimrht play an axclusive clip from toy story3 plastia litits light realistically plus the mechanics of ice hotels jokes sex cheetos zombie snails  more assembly required jun2010
206,2010_7.jpg,p21 behrue how not to be a jerk on twitter  p91 uporade tech makeovers for your home and office p84 orive the coolest new hybrid youve never heard of tested  rated  39 new products summer gear pattern recognition  julaozo sergeys search can google cofounder sergey brin find a cure for parkinsons before he gets the disease by thomas goetz
207,2010_8.jpg,the search for the stress vaccine attfail the deadly inside the genius of iphone network roadside meltdown bombs wire at erpec  but2020 why we still dont have laser guns selfdriving cars food in a pill robot servants vatgrown meat and more ine with guest time traveler will ferrell the future that never happened what we learn when technology flops
208,2010_9.jpg,the new way to watch tup136 the coolest gadget prototypes of all time p128 the most toxic town in america wired the web is dead what happened by chris anderson and why by michael holff
209,2010_10.jpg,essential skills flowchart you didnt learn in college are you an inside story evil twin of tke facebook movie mired the age of the electric car is here charge how elon musk turned tesla into the fast flashy highvoltage car company of the future by joshur dauis  the forthcoening tes models betteries noluded oct202o
210,2010_11.jpg,ak47 how a gun changed the world who really the plot to invented the overthrow tested 39 best gadgets computer btpadim ticketmaster of 2010 red 100 natural by sharon begley how needs ingletring will radically enhance the future of medicine p148
211,2010_12.jpg,groupon and the rise of retail hacking how to build alien life here on earth p188 p208 wish list 2010 100 best gifts ror geeks wired plash bock dec 2020 its not just a movie light cycles hollywood and the evolution of cyberspace by adam rogers
212,2011_1.jpg,collar bomb the crazy the strangest science of bank heist ever the new apple tv tested rated mental iliness wired artificial intelligence is here but its nothing like we expected a wired special report reni node janaos
213,2011_2.jpg,counterfeit ferraris sex syndicates darknes secret societies  more inside the wikileaks bunker the underwubli exposed confidential feb2011 a special issue the 9 alltime greatest cons  buy a whats inside heroin  david mamet  on crime  punishment a guided tour of the dark side
214,2011_3.jpg,wired 1 million workers 90 million iphones 17 suicides this is where your gadgets come from should you care see inside  mar 4011
215,2011_4.jpg,the anthrax killer did they get the wrong guy the cocaine smugglers submarine wi the diy revolution starts now 10 cool new gadgets tested inside and rated the shakeup at google bed how to make stuff 25 awesome projects think it unounconstruction  402 you can build it
216,2011_5.jpg,wire how the oh hai may 2011 humor issue the snls andy samberg and his digital laugh factory why americas funniest home videos wont die internet saved comedy lolcats viral videos tweet jokes rotfl the wild  crazy science of funny why android beat the iphone 15 gadgets tested  rated what japan can learn from chernobyl
217,2011_6.jpg,the hottest startups of 2011 build the ultimate mobile office who killed the internet auction you did wired apply yourself  june 2011 the smartest jobs what they are special report the future of work produced with nprs planet money where theyre going whos getting them in america
218,2011_7.jpg,final countdown if bill gates summer gear rip space shuttle ran the world 25 new products tested  rated wired the mental machine our brains and our behavior are driven by feedback loops harness their power and change your life by thomas goetz plus how facebook groupon  netflix manipulate your mind
219,2011_8.jpg,4 new tablets tested  rated he greai slo machine swindle the next mars rover wired ethics shmethics aug 2011 extreme science 7 shocking experiments that would teach us so much if they werent so wrong bomb swapping twin separating and more plus rise of the planet of the apes star james franco on scifi 3d and humanmonkey hybrids 08 3499 us for 75110 08459
220,2011_9.jpg,slingshots the ultimate genome at home in search of  antizombie weapon build your own dna lab pop cultures lost treasures wired switch i sep 2011 brilliant the new led bulbs shine with a pertect glowand theyll change the way you see the world how to buy a lightbulb and why its so hard
221,2011_10.jpg,the scariest new computer scam the geekiest places on earth apple after steve jobs wired cage free 1 oct 2011 reverse evolution seientists know how to turn a chicken into a dinosaur what could possibly go wrong  how google got social networking right finally
222,2011_11.jpg,facebookspotify the second coming p 200 stephen king on time travel p 112 wir fuzzy logic  nov 2011 40 products tested  rated p 65 26 secret formulas to smartify your life eureka how science can help you  get in shape swat a fly 11 0 75110 08459 walk on the moon find a soul mate and more with our lab assistants the muppets plus the unlikely hero behind their new movie p 176
223,2011_12.jpg,the girl with the dragon tattoo rise  fall of bitcoin  was a celebrity ghost tweeter wired amazon owns the internet jeff bezos started with books now his company dominates the web in more ways than you think an exclusive interview wish list holiday gadgets  gear steve jobs had a vision he believed in things no one else could see george lucas on the man  his obsessions p 235
224,2012_1.jpg,the evil genius of iphone gear facebook games tested  rated the worlds best black markets wired cometogether jan 2012 riot hon social media fuels social unrest the new revolutionaries are networked mobile and coming to a city near you by bill wasik  space lasers james bonds cars and nuclear carnival rides
225,2012_2.jpg,the clean tech bubble bursts debate teams gone wild worlds best cheats  cheaters wired traffic jams no crashes unlimited texting your next car will drive itself the unstoppable future of robotic vehicles from google to mercedes by tom vanderbilt
226,2012_3.jpg,the ultimate the worlds hacking the hidef digicam most insane city first computer wired one pill to an erase your worst im memories want to try it the prac the new science of forgetting
227,2012_4.jpg,facebooks 5 billion mistake how ipos kill innovation wired exclusive report deep in the utah desert the national security agency is building the countrys biggest spy center its the final piece of a secret surveillance network that will intercept and store your phone calls emails google searches watch what you say inside the matrix p 78 by james bamford no trespassing 1 apr 2012
228,2012_5.jpg,wtred fortune teller i may 2012 how google experiments on you p 176 the man who makes the future marc andreessen invented the browser he was first to the cloud hes the most influential vc in silicon valley heres what he sees on the horizon joss whedon takes on the avengers p 170 the stalking of a pop superstar p 184 what your klout score really means p 120 headphones  outdoor gear tested  rated p 75 7 ways to spot the next big thing
229,2012_6.jpg,wi assembly required  june 2012 ed how to be a is facebook a monopoly our guide to photography in the instagram age the new rules for silicon valley startups the greatest counterfeiter ever dad 00 fun science  tech projects for you and the kids with mythbusters host adam savage build a hovercraft  dissect a glow stick  construct a catapult make electric playdoh  design a buckminster fuller blanket fort the ultimate chemistry set the geekiest family vacation spots how to not raise a princess
230,2012_7.jpg,london 2012 how olympic athletes are made not born wirel here anonymous the hacker insurgency that owns the internet come the a brief history of bat man villains how to mine an asteroid drones small cheap flying robots that do your bidding why should the military have all the cool stuff by chris anderson hello skynet i july 2012
231,2012_8.jpg,malware everywhere your computer is under attack curing the disease behind zombies  werewolves w cre d erent 1 august 2012 do you really want to be like steve jobs he was a buddhist  and a rant he was a genius  and a jerk how his life story has become an inspiration for some  and a cautionary tale for others
232,2012_9.jpg,why kittehs rule the internets wall street vs the laws of physics 17 cool gadgets tested  rated  dont panic apocalypse not
233,2012_10.jpg,wired 2000 the designissue inside nerf making gorilla glass building a skyscraper in 15 days etsy goes pro wi e this machine will print amazing objects at home makerdots ore pettis will show you how change the world the new replicator 3d printer
234,2012_11.jpg,wired how megahacker kim dotcom outsmarted the fbi and hollywood to become the most hunted man on the internet wanted elon musk google brain 17 hot rides tested and rated a look inside mission to mars
235,2012_12.jpg,wish list 85 gifts  gadgets for the holidais wared try again 1 deg 20 kill the p55word think a jumble of characters can keep your stuff safe youre wrong i was the victim of an epic hack heres what it taught me about the illusion of online security by mat honan honans compromised gmail password and 1350 other hacked logins can you find yours
236,2013_1.jpg,exclusive john mcafees last stand wired 2101 resistance is futile  jan 2013 the robots take over when the robols ane runnine the wortd ever vthine will be betterinclading  nn  jimmy fallon welcomes our new overlords 01 699 us i for theyre coming for your job and youll be glad they did by kevin kelly 75110 08459
237,2013_2.jpg,meet the interrogation bot game of thrones goes broadway the 75mph sailboat takes off red think  googles larry page on going all out one massive idea can change the world here are 7 diamond spacecraft sprayon wifi asteroid blasters ineye displays desert powered cities plugin planes 00 microbatteries no gigged  feg 2013
238,2013_3.jpg,wired han shot first ma shackles cuddlydeadly furry creatures rabid superfans like your host comedian chris hardwick witty banter die a new new hope star wars is back the saga returns and this time its going to be great in only two years if they listen to us beeps
239,2013_4.jpg,inside the ultimate drugmobile p 124 how to buy friends on facebook amazon us walmart us ebay mad math from netflix to twitter biometrics to banana stands how data powers the platinum age of television watch this way lepr 203  look out jon hamm alison brie is the secret weapon of mad men and community
240,2013_5.jpg,the first 20 years
241,2013_6.jpg,wired googles drug problem iphone 5 vs htc one awake when the objects around us baby crying can talk to one another the music plays elements of our physical universe storm coming will converge and spring to life sprinklers sh in time this network will grow car leaving to fulfill our needs understand our desires and enable our dreams welcome to the programmable world its closer than you think by bill wasik all tosether nou un aowa
242,2013_7.jpg,p 62 how hot dogs get made p 118 p 100 googles new why we love android honcho movie trailers p 120 silicon valley goes zen wired god of war for years us general keith alexander has been amassing a secret cyber army now its ready to attack by aames bameord time wardul 20s
243,2013_8.jpg,learn to wired monthly booyah start an offshore company the howto issue exclusive celeb bill hader comes clean hot stuffi get free coffee ima cheateri and you can be 37 hacks cheat codes  and workarounds guaranteed to make you a winner fake your way to a dream job trick people into buying your magazine  not an actual guarantee only in wibedu  aug zona
244,2013_9.jpg,wire d digital art grows up p 142 next beautiful everywhere vert design by cliff kuang p 126 google takes to the skies it just works  sep 2013
245,2013_10.jpg,wired crazy good locos tacos umami burgers fake meat and the miracle of processed food eat me with an introduction by chef dauid chang
246,2013_11.jpg,p 184 boston marathon bombing the untold story witt p 164 nests alarming new gizmo  winter gear 21 essentials for snowy adventures p 131 genius is everywherebut were wasting it how to unleash the great minds of tomorrow the next steve jobs by joshua davis seventh grader paloma noyola bueno lives next to a garbage dump in mexico last yearshe had the top math score in the country pefaem sehool nov 2oau
247,2013_12.jpg,wired  hish list guiltless guest editor gift guide bill gates wants you to fix the world big ideas smart innovation bright future  bill clinton t power of technology end poverty mining data to find what works save lives better design for the developing world cure disease the hard math of ending polio get started  dec anda
248,2014_1.jpg,were heads up why wearable tech will be as big as the smartphone by bill wasik   watch and glasses concepts created for wired by branch  down an aircraft carrier the best bounty hunter in the world ubers next big thing
249,2014_2.jpg,wired zappotopia a new tech mecca rises in las vegas monsanto yes that monsanto 50ookedfed 204 special reporti how the us almost killed the internet and why it still could by steven levy
250,2014_3.jpg,love music again with guest dj questlove tune up
251,2014_4.jpg,robot gardeners hauling assets take the work googles brilliant out of yard work tax shenanigans wie mike judge from beavis to bitcoin black magic coal its dangerous its dirty and its the future of clean energy by charles c mann superpouer
252,2014_5.jpg,wired cs  may 201 how airbnb lyft and tinder are  teaching us to love strangers im rating risotto i have the keys to i am eating your food your house the business issue sam watching your  trustme in jason tan i know where you live im using your beft sander
253,2014_6.jpg,aired in your face june 2014 this kid is about to change gaming movies tv music design medicine sex sports art travel social networking educationand reality the oculus rift is here and it will blow your mind by peter rubin 21yearold inventor palmer luckey special repoi inside the new 911 museum finally a cure for your hangover the quantum computer that maybe isnt
254,2014_7.jpg,wired new xpedition rules for stylish and proper behavior in the digital age techs new turf war cancerstalking scorpions and food of the future with guest classhole jerry seinfeld r your domain  jul 2014
255,2014_8.jpg,wired chari phone how the mobile age sparked a creative explosion
256,2014_9.jpg,edward snowden by james bamford
257,2014_10.jpg,w r p126 o n g third annual theory design wrong theory the power of imperfection by scott dadich csue silicon modern 10 rules for making great stuff now p 106 what a trip airbnbs vision for your next vacation first look nikes awesome new hightech air jordans dirty pretty things  oct 2014
258,2014_11.jpg,wered astrophysics interstellar and the weird science of wormholes big walt disney and pixar animation studios president ed catmull and chief creative officer john lasseter flanked by a few friends heroes how the team that built pixar brought the magic rack to disney by chitlin roper nnnh 11 3011 58 66 5 751172
259,2014_12.jpg,ired beyond story in five dimensions one giant leap  dec 2014 directes christopher nolan
260,2015_1.jpg,mai re by mat honan hith guest anchor the daily shows jessica williams fast loud and mostly break the news true jan 2015 inside the allnew buzzfueled american media machine
261,2015_2.jpg,press any key to continue restart satya madellas warn fuzzy and slightly bonkers plan to make you care about microsoft by jessi hempel
262,2015_3.jpg,sex in the digital age
263,2015_4.jpg,at last  hoverboard that works stop ignoring women scientists the engineering the worlds tastiest beer mind grenades  apr 2015 plot to take down a tyrant smuggling freedom into north korea one usb drive at a time by andy greenberg
264,2015_5.jpg,wire the next list 20 unsung geniuses who are about to radically reshape the business world meet pinterest engineer tracy chou who is fighting sexism in silicon valley follow the leaders exclusive the secret history of the apple watch the insane stunts new mad max hit men drugs bitcoin the epic saga of silk road
265,2015_6.jpg,how george little diy  lucas bevile effects changed movies forever 40 years of ilm bel aurans  inside the mav factory the eouc saga of silk road part 2 the fall the deroly gloab war for sand gadget lab power drills
266,2015_7.jpg,all work and all play the essential manual to finding happiness on the job your career coach a chemical analysis with rashida jones optimize your mind tech  like a boss your workday a chemical analysis to the top stop using really and your desk  how to stop using email really create your perfect job with science
267,2015_8.jpg,no hunger no pollution no disease aug 2915 and the end of life as we know it the genesis engine editing dna is now as easy as cut and paste welcome to the postnatural world pse
268,2015_9.jpg,re the people 0 and trends you need to know now the neh cultural literacy 2016 the new professors dr dre the iquine legends behind beats and apple music have a plan to teach next generation of creators how to lead by jason tanz p62 sep 2015 schooled
269,2015_10.jpg,cities by design beautiful smart human new york  shanghai san francisco how engineers artists scientists and the worlds leading architect are building the urban feature
270,2015_11.jpg,change the future foli through race fender and equality in the digital age featuring deray mckesson mary meeker common jjen welter ronda rousey annemarie slaughter billie jean king tristan walker geena rocero with guest edito serena williams
271,2015_12.jpg,
272,2016_1.jpg,chith the widengang tech superpower 72 the secret histury p80 nlrbd zeve jan 201 diabolical hackers fre re storms terror plats millennials movie tve ever done leonardo dicaprio on the revenant the ultimate survival guide
273,2016_2.jpg,30000 200 miles 060 in 7 seconds strikes 2016 power ranger tw mary barres cm beat tesla ig car for veryone election 20181 felecon ualley s 20 host influential political instders detroit back electric
274,2016_3.jpg,the next giant leap the greatest challenges of space explorationand how well conquer them plus why crowdfunding is evil the data behind our countrys gun addiction p 26 check in to the worlds first robot hotel p 82 what the hell is happening at spaceport america mar 2016 sutt up
275,2016_4.jpg,how to succeed in comedy by really really trying o why icis le detter ot social media thon toa  aise the sapermantat gossage red they made i how the four funniest guys from hbos silicon valley conquered youtube podcasts twitter tv and more
276,2016_5.jpg,we are building he internet experience and rony abovitz founder and cioofmadiollap a mysterious startup a mountain of money and the quest to create a new kind of reality kevin kelly next lisa 20 16
277,2016_6.jpg,soon we wont program computers well train them ey 3ason tanz wtred end of code what that means for us by croe metz
278,2016_7.jpg,jul 2016 be good e d world of wonder steven spielberg has made some of the greatest kids movies ever now hes unleashing his inner child with the bfg 73 tips and tricks the  plus  wired guide to parenting raise them the easy way p 70
279,2016_8.jpg,terrorism secrets the reporter the anarchist hunting isis bringing encryption online to everyone david changs flavor manifesto wire food how to engineer maximum deliciousness pack in nutrients increase sustainability and build crazy food mashups  momofukus caviar and fried chicken is just the beginning dig in
280,2016_9.jpg,spel to fix the heroin  the tv revolution from netflix to ex television finally looks nore like us ilofus the social imedia lives of tee p78 drone racings reluctant prodigy starring mike colter as luke cage seven women whorule hulu falltv and more can nsanto saue the bees
281,2016_10.jpg,the design issue chuck polis cablel sensons allow for adapting to different foot shapes with even distribution of pressure motor pulls cables chuck  allow for adapting to different 500 inside the secret lab where nike built the powerlacing sneake of our dreams
282,2016_11.jpg,frontiers a special issue guestedited by president barack obama
283,2016_12.jpg,could facebook save your life by cade metz americas top spy speaks the fx genius behind rogue one 72 hours that shocked the nation stuff you want wireds annual gift guide how to hack your vacation 0e0 2016 check in p 132 p 124 48495949
284,2017_1.jpg,tales from an uncertain future
285,2017_2.jpg,what lies ahead the next leap forwad in cyberwarfare selfdriving cars delivery drones creepysmart homes gene hacking
286,2017_3.jpg,the news in crisis the status quo is not an option its not should we change its how do we change a gsulzberger deputy publisher the new york times p50
287,2017_4.jpg,the hunt for russias most notorious hacker
288,2017_5.jpg,wired imagine you felt like your skin was always on fire imagine you couldnt even feel a bone break the qunetice end pain forever
289,2017_6.jpg,exculsive by steven levy one more thing p52 inside apples insanely great  aw new mothership
290,2017_7.jpg,plus director lue besson is back the untold story of an with lots of aliens engineer murdered in kansas how to switch a country of the new weapons are digital  and theyre pointed at us duly 2017 stax ourrent
291,2017_8.jpg,talk to me  al  artificial immortality a sons quest to give his father eternal life as my dad declines the bot slowly improves i am running out of time by james vlahos p56
292,2017_9.jpg,the great tech panic robot overlords comment trolls news fomo cyberattacks porn hashtag malfunctions privacy breaches phishing ransomware textneck nuke hacks cookies screen addiction selfie fails eavesdropping killer ai how we learning stop worring and love the future
293,2017_10.jpg,ive seen things 2049 blade runner is  the original redefined dystopia  the sequel promises be much darker  and its still raining
294,2017_11.jpg,66 p 108 p34 supercomputers and killer storms  tony fadell gets back at silicon valley behind the scenes of stranger things season 2 wired love p80 in the time of robots 11 when androids behave just like humans how will humans behave with each other by alex mar 08459 2e ron se 59 754994 november 2017 its uncanny
295,2017_12.jpg,me 96 living the race to upgrade the brain was exclusive nasa s rocket to mars how i red 60 gift ideas for the holiday season was going to beat how one womans digital life was weaponized against her him
296,2018_1.jpg,imagine a future where your life is measured by a numberthree digits that dictate your place in society that future is now hello my score is
297,2018_2.jpg,the golden age of free speech tech turmoil and the new censorship zeynep tufekci alice gregory virginia heffernan steven johnson doug bock clark
298,2018_3.jpg,
299,2018_4.jpg,how were born how we live how we die its all going to change
300,2018_5.jpg,game over the young and the reckless  a gang of teenhackers snatched the keys to microsofts videogame empire then they went too far by brendan koerner fbi
301,2018_6.jpg,284 wt untold in combat and on the digital the making of how the special it prepared saboteurs of american counsels him time to take democracy 0 f robert mueller by garrett m graff create connect condemast plus special business issue june 2018 charge
302,2018_7.jpg,wired the cryptomania isnt just a mad rush of scams and speculation blockchain its a utopian dream love story by gideon lewiskraus the its also a living nightmare p 8u blockchain july 2018almost heaven 2  charv
303,2018_8.jpg,the want future of d food looks great tastes fine and might just save the planet by stephen s hall p52 create connect august 2018  eat me an epic treasure hunt turns deadly p 82 do the politics of silicon valley make any sense p 64 al bug collectors p 28
304,2018_9.jpg,00 8008036 the code that br andy greenberg crashed the red sep 2018  ctrlaltdel world the untold story of the most devastating cyberattack in history
305,2018_10.jpg,we branchez ed25 for 25 years now the icons technology has of the digital turned the world revolution tell us upside down and who will shake up inside out the next 25 1993 fast forward 2043 mark zuckerberg jaron lanier feifei li jennifer pahlka edward snowden peter thiel jony ive susan wojcicki bill gates and 41 more calaila com
306,2018_11.jpg,china and the us flipping texas how an ai techies try rivalry could wired the true story of a gamer prank gone horribly awry p84 eff bezos wantsus toleave earth i eyonn for good inside blue origins missionto an thientuture max load 60 psf
307,2018_12.jpg,wired less artificial ai is already changing everything more intelligent lets rethink how its madenow create connect condenast the genius neuroscientist who wants to transform ai p 96 how to teach a neural net some common sense p 74 feifei lis quest to make machines better for humanity p 90 inside the diy smarttech movement p 82
308,2019_1.jpg,the next 25 years  7 scifi writers imagine the  bold  new  future of work p 58 wired robots explosives sensors sos scientists are racing to understand antarcticas vast and fragile thwaites glacier before its too late
309,2019_2.jpg,dr elon and mr musk
310,2019_3.jpg,welcome to the mirror world enter here
311,2019_4.jpg,ondemand organs diseaseproof babies hornfree cows apr 2019  cut  paste  crispr could give us a more humane world will humans let that happen dairy cows often have their horns burned off with hot irons or caustic chemicals meet princess who was engineered never to grow them
312,2019_5-6.jpg,plus the new rules take control of your digital life black mirror charlie brooker reveals the secrets of the smartest show on netflix 10 radical ideas to transform britain google facebook amazon  samsung celebrating londons new tech district 05 3 bed ten years
313,2019_7-8.jpg,wired called itself a platform for free speech the feds called it a depraved criminal conspiracy watch out silicon valleythe the rest of you could be next internet giant thai went too far by christine biederman
314,2019_9.jpg,sexual harassment hate speec kouts no wire three years of miser inside silicon valleys happiest company d how fans are remaking entertainment in their own image
315,2019_10.jpg,wibed the telltale hears he was an unlikely suspect 90 years old wouldnt hurt a fly but there was a witness and the victim was wearing it by lauren smiley oct 2019  watch out
316,2019_11.jpg,inside the most deceptive cyberattack in history br have a nice future stories of 25 people racing to save us from ourselves
317,2019_12.jpg,mired amazon dec 2055reat 30 meets its match inside the unlikely showdown between a tech giant and a tiny group of somali immigrants by jessica bruder nimo omar helped cofound the awood center which helps east african workers organize
318,2020_1.jpg,wire jan 2028  machine learner plus marc benioffs gospel of wealth the best snow gear is 5g here yet create condeaast build what you want why the queen of shtty robots simone giertz renounced her crown by lauren goode
319,2020_2.jpg,wired inside the feds war feb 2820  knives out on huawei chris evans goesto washington to get america the tl dr p 68 the secret history of facial recognition a guide to rebooting politics sorry to burst your filter bubble but tech didnt break democracy better algorithms wont save us and sometimes its good to feed the trolls p s 02 08459 0 7511840
320,2020_3.jpg,mark zuckerberg s lost notebooks how far shoul you go to catch the last best place on the internet marathon cheaters wired what will keep us human when we leave earth behind the care and feeding of interplanetary civilization et nicel titllet
321,2020_4.jpg,we have one earthand the technology to save it go
322,2020_5.jpg,all together now
323,2020_6.jpg,june 2828  wanna cry inside the race to develop a vaccine p 58 what happened on the diamond princess p 66 marcus hutchins stopped one of the worst cyberattacks in history then the fbi arrested him this is his untold story by andy greenberg 90 08459 jauc nit 6645 hacker who saved the internet 751184
324,2020_7-8.jpg,this is nathan wolfe we should have listened to him the virologist helped crack an impossible problem how to insure against the economic fallout from rare but devastating pandemics the plan was ingenious so why are we in this mess by evan ratliff
325,2020_9.jpg,the evolution of digital blackface on tiktok users drape themselves in the trappings of black culture and steal the viral spotlight by jason parham be yourself
326,2020_10.jpg,american hustle us elections are in the middle of a major reboot our democracy will come out stronger meet this years it just has to survive the next few weeks
327,2020_11.jpg,in 10 or 15 years we will have prepared the entire western slope of the sierra nevada to ignite in the greatest firestorm ever seen by human beings p 36 the fires next time by daniel duane
328,2020_12.jpg,
329,2021_2.jpg,what ifthings started to escalate what ifall communications were knocked out what if cyberwar was only the beginning 2024 a history of the heries it next world war a novel by elliot ackerman and admiral james stavridis feb 2921  spoiler alert
330,2021_3.jpg,kar 2821  00 the hustle the lion the polygamist and the biodiesel scam how a member of a rellgious sect teamed up with a lambodriving hardpartying tycoon to bilk the govemment for hundreds of millions of dollars the grift clean fuel subsides
331,2021_4.jpg,hello world
332,2021_5.jpg,tinder hinge okcupid match shar dubey became boss of them all then lockdown happened okcovid
333,2021_6.jpg,wired it created the internet its ruining the internet it protects free speech it threatens democracy it must be preserved it should be repealed section 230 is wrongard about by gilad edelman
334,2021_7-8.jpg,timnit gebru warned that big messy al systems would generate racist unfair results google brought her in to prevent that fate then it forced her out can big tech handle criticism from within by tom simonite
335,2021_9.jpg,the only way to belfarate twillers 15th anniversary wired peoples history black twitter by jason parnam 2e2 0 90140 65280 121104
336,2021_10.jpg,withdrawal an algorithm now tells your doctor whether you deserve painkillers its supposed to help solve the opioid crisis instead its only making it more cruel by maia szalavitz
337,2021_11.jpg,wired big techs generous hollow crucial selfserving pledge to black ey victor luckerson america
338,2021_12.jpg,the future of reality
339,2022_2.jpg,on a barren icelandic plateau this factory sucks coz out of the air before trapping it in stone the plant is a decadesold idea thats finally becoming reality the next challenge build 10000 more the big inhale by vince beiser
340,2022_3.jpg,how telegram became the antifacebookand the perfect platform for plotting insurrection by darren loucrides
341,2022_4.jpg,the fixer how one man came to rule politics on facebook command one of the larbest lobbies in dc and guide zuck through disaster and straight into it by benjamin woffor
342,2022_5.jpg,they thought their crimes were untraceable they couldnt have been wrong the shocking case that shredded the myth of bitcoins anonymityby andy greenberg caught by crypto
343,2022_6.jpg,introducing a new internet decentralization guaranteed decentralization powered by web3
344,2022_7-8.jpg,never grow up how taika waititi won hollywood overwithout losing his weird
345,2022_9.jpg,how microcelebrities are becoming the new megalobbyists dy bekjamin wofford the influencer machine
346,2022_10.jpg,leave it all behing old world got you down balaji srinivasan invites you to a future of bespoke societies in the cloud by anthony lydgate
347,2022_11.jpg,the search for a pill that can help dogs and eventually humans live longer by tom stronte stay
348,2022_12.jpg,wired goes wild houseplant horrors space squirrels
349,2023_2.jpg,unmasking the complicated new face of scifi pedro pascal
350,2023_4.jpg,this rock charge holds ingredients for an ev battery should we tear up the seafloor to get it by vince beiser raw power
351,2023_5.jpg,the hardware issue inside taiwans semiconductor sanctum by virginia heffernan
352,2023_6.jpg,force of nature jamie beard is hellbent on turning big oil into big geothermal she has no time to lose by maria streshinsky
353,2023_7-8.jpg,theres a small possibility theyre going to destroy the entire world and yet they push the button christopher nolan on oppenheimer ai and the fate of humanity
354,2023_9.jpg,queen of the silicon valley steven levy hangs out with the many iterations of grimes
355,2023_10.jpg,dear al overlords dont fck this up inside openal by steven leyy more ai spot the fakes by christopker bean talk to whales by camille bronley write a bestseller by yaukeni yara rule the world by virginta heffernan
356,2023_11.jpg,dispatch from the future the musthave gadgets and gear of 2053 a magazine cover lol theres a new formula for fame by brendan i koerner
